crooked.com	0
deepleftfield.info	1
antifascistnews.net	2
cnn.com	3
allthatsfab.com	4
dailykos.com	5
deepstatenation.com	6
crooksandliars.com	7
autostraddle.com	8
codepink.org	9
bluedotdaily.com	10
alternet.org	11
mirror.co.uk	12
democracychronicles.org	13
currentaffairs.org	14
bluenationreview.com	15
commondreams.org	16
aidc.org.za	17
addictinginfo.com	18
democracyguardian.com	19
americanprogress.org	20
citypaper.com	21
curvemag.com	22
bluestatedaily.com	23
dailyrecord.co.uk	24
advocate.com	25
americablog.com	26
democracynow.org	27
prwatch.org	28
boingboing.net	29
daily49er.com	30
cosmopolitan.com	31
ebar.com	32
dallasvoice.com	33
dissentmagazine.org	34
democraticunderground.com	35
americanbridgepac.org	36
countercurrents.org	37
thedailybeast.com	38
deadspin.com	39
afj.org	40
desmogblog.com	41
change.org	42
drudge.com	43
bitchmedia.org	44
deadstate.org	45
elitedaily.com	46
au.org	47
counterpunch.org	48
chicagoreader.com	49
blackagendareport.com	50
angrywhitemen.org	51
esquire.com	52
earthfirstjournal.org	53
filmingcops.com	54
crimethinc.com	55
everydayfeminism.com	56
firstpost.com	57
greenleft.org.au	58
citizencritics.org	59
gizmodo.com	60
marxist.com	61
bust.com	62
egbertowillies.com	63
evonomics.com	64
foreignpolicyjournal.com	65
iowastartingline.com	66
greenvillegazette.com	67
leftfootforward.org	68
ir.net	69
extranewsfeed.com	70
foreignpolicynews.org	71
canadiandimension.com	72
itsgoingdown.org	73
globalvoices.org	74
electoral-vote.com	75
leftoverrights.com	76
inequalitymedia.org	77
feministcurrent.com	78
liberalamerica.org	79
jacobinmag.com	80
electronicintifada.net	81
guardianlv.com	82
juancole.com	83
dailydot.com	84
liberalexaminer.com	85
jezebel.com	86
good.is	87
freepress.org	88
theguardiansofdemocracy.com	89
feministing.com	90
ips-dc.org	91
samuel-warde.com	92
mediaite.com	93
frnewsreport.com	94
leftvoice.org	95
fifthestate.org	96
mondoweiss.net	97
liberationnews.org	98
lavendermagazine.com	99
freedomnews.org.uk	100
moonofalabama.org	101
mediamatters.org	102
huffingtonpost.com	103
gq.com	104
newint.org	105
littlegreenfootballs.com	106
inthesetimes.com	107
hrc.org	108
lgbtqnation.com	109
motherjones.com	110
bradford-delong.com	111
meduza.io	112
newpol.org	113
pinknews.co.uk	114
newsweek.com	115
progressiveliberal.net	116
front.moveon.org	117
libcom.org	118
newrepublic.com	119
merryjane.com	120
politicaldig.com	121
north99.org	122
mashable.com	123
msmagazine.com	124
palmerreport.com	125
miaminewtimes.com	126
resilience.org	127
projectcensored.org	128
rawstory.com	129
meanlefthook.com	130
msnbc.com	131
newstatesman.com	132
pastemagazine.com	133
proudemocrat.com	134
middleeastmonitor.com	135
nowtoronto.com	136
readingthepictures.org	137
salon.com	138
rewire.news	139
politicususa.com	140
nymag.com	141
readersupportednews.org	142
peacock-panache.com	143
scarymommy.com	144
modernliberals.com	145
revcom.us	146
popularresistance.org	147
newyorker.com	148
pfaw.org	149
queerty.com	150
redpepper.org.uk	151
molad.org	152
onegreenplanet.org	153
reverbpress.news	154
shadowproof.com	155
people.com	156
sourcewatch.org	157
opednews.com	158
rabble.ca	159
shareblue.com	160
pravdareport.com	161
americanindependent.com	162
newshounds.us	163
photographyisnotacrime.com	164
rantt.com	165
slate.com	166
pressprogress.ca	167
splinternews.com	168
the-daily.buzz	169
smirkingchimp.com	170
redyouth.org	171
rappler.com	172
prospect.org	173
rightwingwatch.org	174
nationofchange.org	175
progressivearmy.com	176
republicanssucks.org	177
worldsocialism.org	178
thedailyvox.co.za	179
nationalmemo.com	180
austinchronicle.com	181
trofire.com	182
towleroad.com	183
thelasource.com	184
democratichub.com	185
socialistworker.org	186
thenewcivilrightsmovement.com	187
thesternfacts.com	188
talkingpointsmemo.com	189
vanityfair.com	190
theestablishment.co	191
workers.org	192
theburningspear.com	193
other98.com	194
thelondoneconomic.com	195
washingtonmonthly.com	196
villagevoice.com	197
verifiedpolitics.com	198
takepart.com	199
thefloridasqueeze.com	200
wsws.org	201
theoutline.com	202
themarysue.com	203
washingtonpress.com	204
thecanary.co	205
truthdig.com	206
thewalrus.ca	207
thefrisky.com	208
yesmagazine.org	209
progressive.org	210
themilitant.com	211
truth-out.org	212
climaterealityproject.org	213
progressivefrontier.com	214
wearyourvoicemag.com	215
morningstaronline.co.uk	216
worldcantwait.net	217
uproxx.com	218
thegrio.com	219
samefacts.com	220
thedailybanter.com	221
thenation.com	222
upworthy.com	223
zcomm.org	224
theroot.com	225
vox.com	226
whowhatwhy.org	227
thinkprogress.org	228
this.org	229
wonkette.com	230
amnesty.org	231
ballotpedia.org	232
opensecrets.org	233
cookpolitical.com	234
albawaba.com	235
capitolfax.com	236
680news.com	237
csis.org	238
anthropocenemagazine.org	239
bnonews.com	240
carnegieendowment.org	241
eng.majalla.com	242
abc.net.au	243
blog.countable.us	244
concordmonitor.com	245
aptnnews.ca	246
bridgemi.com	247
alreporter.com	248
news.abs-cbn.com	249
courthousenews.com	250
bangkokpost.com	251
azcapitoltimes.com	252
altoday.com	253
castanet.net	254
afp.com	255
cp24.com	256
newsoptimist.ca	257
chinadaily.com.cn	258
thebulletin.org	259
africanews.com	260
en.bbarta24.net	261
aninews.in	262
abqjournal.com	263
bullshido.net	264
belfercenter.org	265
cdt.org	266
atimes.com	267
darientimes.com	268
consortiumnews.com	269
cgdev.org	270
bellingcat.com	271
csmonitor.com	272
daytondailynews.com	273
allgov.com	274
constitutioncenter.org	275
business2community.com	276
english.ahram.org.eg	277
bettergov.org	278
cityandstateny.com	279
apnews.com	280
defenseone.com	281
securingdemocracy.gmfus.org	282
airwars.org	283
bdnews24.com	284
cnas.org	285
ced.org	286
atlanticcouncil.org	287
americanheritage.com	288
desmoinesregister.com	289
capecodtimes.com	290
consumerist.com	291
crfb.org	292
afr.com	293
publicintegrity.org	294
dailyrecord.com	295
differencebetween.net	296
ejinsight.com	297
factwire.org	298
freewheelus.com	299
consumerreports.org	300
digitaljournal.com	301
goodnewsnetwork.org	302
cambridge.org	303
fairobserver.com	304
fullfact.org	305
kff.org	306
makeuseof.com	307
idahostatesman.com	308
doctorswithoutborders.org	309
news.grabien.com	310
goerie.com	311
gallup.com	312
malaysia-today.net	313
military.com	314
news.err.ee	315
rescue.org	316
knowyourmeme.com	317
hbr.org	318
federalnewsradio.com	319
eurasiagroup.net	320
imediaethics.org	321
maplight.org	322
investopedia.com	323
knoxnews.com	324
gbtimes.com	325
news.harvard.edu	326
mlive.com	327
federaltimes.com	328
eurasiareview.com	329
marketwatch.com	330
jacksonsun.com	331
leadstories.com	332
govexec.com	333
harvardpolitics.com	334
newamerica.org	335
euronews.com	336
financialexpress.com	337
ivn.us	338
mcclatchydc.com	339
govtrack.us	340
ledevoir.com	341
healthcarefinancenews.com	342
janes.com	343
newbernsj.com	344
ft.com	345
mediashift.org	346
limacharlienews.com	347
globalintegrity.org	348
nber.org	349
news24.com	350
memeorandum.com	351
firstdraftnews.org	352
indiatoday.intoday.in	353
factcheck.org	354
japantimes.co.jp	355
hoax-slayer.com	356
followthemoney.org	357
mentalfloss.com	358
iwpr.org	359
foreignaffairs.com	360
jta.org	361
homelandsecuritynewswire.com	362
nationaljournal.com	363
listverse.com	364
foreignpolicy.com	365
en.mercopress.com	366
guampdn.com	367
nationmaster.com	368
i24news.tv	369
newsnow.co.uk	370
icij.org	371
merionwest.com	372
patch.com	373
daily.jstor.org	374
niskanencenter.org	375
ffrf.org	376
rferl.org	377
nzherald.co.nz	378
iea.org	379
shorensteincenter.org	380
stripes.com	381
nknews.org	382
rollcall.com	383
poynter.org	384
justsecurity.org	385
patheos.com	386
rand.org	387
nextavenue.org	388
texasstandard.org	389
simplepolitics.co.uk	390
statnews.com	391
noozhawk.com	392
rte.ie	393
prnewswire.mediaroom.com	394
thecipherbrief.com	395
pnj.com	396
texastribune.org	397
nextgov.com	398
northkoreatimes.com	399
russialies.com	400
procon.org	401
stimson.org	402
pgpf.org	403
recode.net	404
thatsnonsense.com	405
theconversation.com	406
stocknewsusa.com	407
pogo.org	408
auburnpub.com	409
relevantmagazine.com	410
piie.com	411
snopes.com	412
theday.com	413
thebalance.com	414
strategypage.com	415
reporterslab.org	416
novinite.com	417
pewresearch.org	418
heraldtribune.com	419
project-syndicate.org	420
baxterbulletin.com	421
heraldsun.com	422
scmp.com	423
stratfor.com	424
nolabels.org	425
placesjournal.org	426
rsf.org	427
sayfiereview.com	428
thehumanist.com	429
thebureauinvestigates.com	430
sunlightfoundation.com	431
dailynorthwestern.com	432
represent.us	433
prri.org	434
taipeitimes.com	435
ny1.com	436
openthegovernment.org	437
reuters.com	438
politifact.com	439
taiwannews.com.tw	440
defconwarningsystem.com	441
spectrumreport.com	442
indianexpress.com	443
scotusblog.com	444
taskandpurpose.com	445
outlook.monmouth.edu	446
thejakartapost.com	447
sctimes.com	448
thediplomat.com	449
shareably.net	450
themarshallproject.org	451
thoughtco.com	452
viralthread.com	453
en.wikinews.org	454
jpost.com	455
economist.com	456
memepoliceman.com	457
worldpress.org	458
tvw.org	459
phnompenhpost.com	460
wikipedia.org	461
jordantimes.com	462
timesofsandiego.com	463
wri.org	464
undark.org	465
voanews.com	466
wikitribune.com	467
postandcourier.com	468
wral.com	469
upi.com	470
todayifoundout.com	471
themoderatevoice.com	472
mywebtimes.com	473
voiceofsandiego.org	474
news.cn	475
thejournal.ie	476
house.gov	477
mcall.com	478
transparency.org	479
scotsman.com	480
vosizneias.com	481
wionews.com	482
gao.gov	483
thenews.mx	484
timesofindia.indiatimes.com	485
thenews.com.pk	486
usafacts.org	487
votesmart.org	488
theskimm.com	489
trueviralnews.com	490
wilsoncenter.org	491
sociable.co	492
warontherocks.com	493
weforum.org	494
thewrap.com	495
observatory.journalism.wisc.edu	496
verafiles.org	497
wn.com	498
thirdway.org	499
truthbetold.news	500
truthorfiction.com	501
capitalresearch.org	502
academia.org	503
bigleaguepolitics.com	504
conservativedailynews.com	505
americanmilitarynews.com	506
citizensunited.org	507
aclj.org	508
arizonadailyindependent.com	509
aim.org	510
americanconsequences.com	511
bizpacreview.com	512
city-journal.org	513
aina.org	514
conservativehq.com	515
whitehouse.gov	516
nccivitas.org	517
bearingarms.com	518
spectator.org	519
aei.org	520
ac2news.com	521
2ndvote.com	522
christianpost.com	523
brexitcentral.com	524
beinglibertarian.com	525
alphanewsmn.com	526
amgreatness.com	527
americanthinker.com	528
conservativeopinion.com	529
ca-political.com	530
conservativetoday.com	531
chroniclesmagazine.org	532
colddeadhands.us	533
acculturated.com	534
beliefnet.com	535
americansforprosperity.org	536
awm.com	537
campaignlifecoalition.com	538
commentarymagazine.com	539
express.co.uk	540
altnewsmedia.net	541
alec.org	542
churchmilitant.com	543
biggovernment.news	544
ammoland.com	545
conservativereview.com	546
cowgernation.com	547
conservativebase.com	548
americanlibertyreport.com	549
citizenfreepress.com	550
hermancain.com	551
gopusa.com	552
crimeresearch.org	553
ijr.com	554
erlc.com	555
dcwhispers.com	556
firstinfreedomdaily.com	557
dailymail.co.uk	558
freewestmedia.com	559
ifstudies.org	560
crisismagazine.com	561
independentsentinel.com	562
factsandlogic.org	563
ff.org	564
firstthings.com	565
dailysabah.com	566
iwf.org	567
investors.com	568
faithwire.com	569
defenddemocracy.org	570
foxnews.com	571
dailycaller.com	572
illinoispolicy.org	573
order-order.com	574
jewishpolicycenter.org	575
dailysignal.com	576
freedomcrossroads.com	577
disobedientmedia.com	578
hudson.org	579
intellectualtakeout.org	580
knoxreport.com	581
farleftwatch.com	582
gatestoneinstitute.org	583
freedomworks.org	584
humanevents.com	585
drudgereport.com	586
dailysurge.com	587
ibleedredwhiteblue.com	588
legalinsurrection.com	589
judicialnetwork.com	590
getreligion.org	591
freerepublic.com	592
imprimis.hillsdale.edu	593
dangerous.com	594
heartland.org	595
ipatriot.com	596
libertyhangout.org	597
kansaspolicy.org	598
gop.com	599
offgridsurvival.com	600
pjmedia.com	601
libertyheadlines.com	602
populistwire.com	603
louderwithcrowder.com	604
heritage.org	605
observer.com	606
regated.com	607
libertynation.com	608
powerlineblog.com	609
oann.com	610
nationalcenter.org	611
renewedright.com	612
thepoliticalinsider.com	613
mediacircus.com	614
lifenews.com	615
onenewsnow.com	616
sentinelksmo.org	617
nationalreview.com	618
notliberal.com	619
projectveritas.com	620
politichicks.com	621
mediaequalizer.com	622
lifesitenews.com	623
home.nra.org	624
ntknetwork.com	625
restoreamericanglory.com	626
tasnimnews.com	627
mrc.org	628
sbgi.net	629
opslens.com	630
newbostonpost.com	631
numbersusa.com	632
politifeed.net	633
quadrant.org.au	634
ricochet.com	635
lifezette.com	636
westernjournalism.com	637
patriotnewsdaily.com	638
sonorannews.com	639
newsbusters.org	640
politisite.com	641
en.mehrnews.com	642
patriotretort.com	643
teapartypatriots.org	644
spiked-online.com	645
theblacksphere.net	646
thedailydefender.com	647
newsmax.com	648
loneconservative.com	649
thenewamerican.com	650
redalertpolitics.com	651
savejersey.com	652
therebel.media	653
teapartytribune.com	654
standpointmag.co.uk	655
torontosun.com	656
theblaze.com	657
unitynewsnetwork.co.uk	658
dailytelegraph.com.au	659
washingtonexaminer.com	660
wnd.com	661
unwatch.org	662
carepublican.com	663
townhall.com	664
dailywire.com	665
theresurgent.com	666
patriotpost.us	667
freebeacon.com	668
thecitizenpress.com	669
world.wng.org	670
tribunist.com	671
thefederalist.com	672
therightscoop.com	673
thepostemail.com	674
weaselzippers.us	675
trtworld.com	676
worldtribune.com	677
thehayride.com	678
thepostmillennial.com	679
ronpaulinstitute.org	680
weeklystandard.com	681
ussanews.com	682
tehrantimes.com	683
theconservativetreehouse.com	684
turningpoint.news	685
yellowhammernews.com	686
thesun.co.uk	687
conservativewoman.co.uk	688
yaf.org	689
adelaidenow.com.au	690
westernfreepress.com	691
twitchy.com	692
tennesseestar.com	693
westernjournal.com	694
youngcons.com	695
thetruthaboutguns.com	696
lozierinstitute.org	697
americanprinciplesproject.org	698
10news.one	699
cernovich.com	700
barenakedislam.com	701
conservativefighters.com	702
christianaction.org	703
amren.com	704
100percentfedup.com	705
conservativefiringline.com	706
acpeds.org	707
bluntforcetruth.com	708
tfp.org	709
conservativefreepress.com	710
clarionproject.org	711
americanpatriotdaily.com	712
clashdaily.com	713
americantoday.news	714
conservativemedia.com	715
conservativepost.com	716
afa.net	717
ageofshitlords.com	718
bipartisanreport.com	719
debka.com	720
breitbart.com	721
cnsnews.com	722
allenwestrepublic.com	723
defiantamerica.com	724
rickwells.us	725
americanjournalreview.com	726
concernedwomen.org	727
canadafreepress.com	728
conservapedia.com	729
adflegal.org	730
blingnews.com	731
allnewspipeline.com	732
americanlookout.com	733
democraticmoms.com	734
conservativebyte.com	735
discoverthenetworks.org	736
censored.news	737
avoiceformen.com	738
dailyheadlines.net	739
donaldtrumpnews.co	740
conservativedailypost.com	741
cis.org	742
bannedinformation.com	743
altright.com	744
researchantisemitism.ca	745
hardnews.network	746
focusonthefamily.com	747
downtrend.com	748
pamelageller.com	749
profam.org	750
en-volve.com	751
ghost.report	752
hoggwatch.com	753
freakoutnation.com	754
lewrockwell.com	755
girlsjustwannahaveguns.com	756
eaglerising.com	757
factcheckingturkey.com	758
myrightamerica.com	759
jewwatch.com	760
magapill.com	761
frc.org	762
jihadwatch.org	763
ihypocrite.net	764
joeforamerica.com	765
nationaleconomicseditorial.com	766
dailypresser.com	767
imowired.com	768
judicialwatch.org	769
nationalenquirer.com	770
dailystormer.name	771
meforum.org	772
infogalactic.com	773
memri.org	774
knightstemplarinternational.com	775
nationalvanguard.org	776
usafortrumponline.com	777
hangthebankers.com	778
informationliberation.com	779
newswars.com	780
o4anews.com	781
molonlabemedia.com	782
ladylibertysnews.com	783
newswithviews.com	784
prideof-america.org	785
newnation.org	786
freedomsfinalstand.com	787
staresattheworld.com	788
polipace.com	789
ruthinstitute.org	790
patriotbeat.com	791
newsblaze.com	792
oathkeepers.org	793
frontpagemag.com	794
patribotics.blog	795
progresstribune.com	796
shariawatch.org.uk	797
renewamerica.com	798
steadfastandloyal.com	799
fury.news	800
occupydemocrats.com	801
politicalmayhem.news	802
patriotfires.com	803
shtfplan.com	804
progressivestoday.com	805
stonecoldtruth.com	806
redice.tv	807
takimag.com	808
studionewsnetwork.com	809
returnofkings.com	810
southafricatoday.net	811
patriotupdate.com	812
subjectpolitics.com	813
teaparty.org	814
rightalerts.com	815
oppositionreport.com	816
swampdrain.com	817
dcclothesline.com	818
thehornnews.com	819
speisa.com	820
personalliberty.com	821
thedailybell.com	822
lastresistance.com	823
puppetstringnews.com	824
rightwingnews.com	825
thelibertyeagle.com	826
rightwingtribune.com	827
tmn.today	828
themillenniumreport.com	829
rinf.com	830
digifection.com	831
thereligionofpeace.com	832
thenationalpatriot.com	833
theduran.com	834
theamericanmirror.com	835
thenationalpulse.com	836
remnantnewspaper.com	837
thefederalistpapers.org	838
viralliberty.com	839
truthrevolt.org	840
fairus.org	841
truthuncensored.net	842
mynewsguru.com	843
triggerreset.net	844
voiceofeurope.com	845
unclesamsmisguidedchildren.com	846
freetelegraph.com	847
trueactivist.com	848
thepeoplestruth.com	849
thegatewaypundit.com	850
understandingthethreat.com	851
usasupreme.com	852
thegoldwater.com	853
unz.com	854
westernsentinel.com	855
uschronicle.com	856
thepublicdiscourse.com	857
vdare.com	858
